{
	"BUILD_DIR" : "/home/henrique/Dropbox/APC_Paris/Root/QtCreator/build-move_files-Desktop_Qt_6_2_4_GCC_64bit-Release/move_files_autogen",
	"CMAKE_BINARY_DIR" : "/home/henrique/Dropbox/APC_Paris/Root/QtCreator/build-move_files-Desktop_Qt_6_2_4_GCC_64bit-Release",
	"CMAKE_CURRENT_BINARY_DIR" : "/home/henrique/Dropbox/APC_Paris/Root/QtCreator/build-move_files-Desktop_Qt_6_2_4_GCC_64bit-Release",
	"CMAKE_CURRENT_SOURCE_DIR" : "/home/henrique/Dropbox/APC_Paris/Root/QtCreator/move_files",
	"CMAKE_EXECUTABLE" : "/home/henrique/Qt/Tools/CMake/bin/cmake",
	"CMAKE_LIST_FILES" : 
	[
		"/home/henrique/Dropbox/APC_Paris/Root/QtCreator/move_files/CMakeLists.txt",
		"/home/henrique/Qt/Tools/QtCreator/share/qtcreator/package-manager/auto-setup.cmake",
		"/home/henrique/Dropbox/APC_Paris/Root/QtCreator/build-move_files-Desktop_Qt_6_2_4_GCC_64bit-Release/CMakeFiles/3.21.1/CMakeSystem.cmake",
		"/home/henrique/Qt/Tools/CMake/share/cmake-3.21/Modules/CMakeSystemSpecificInitialize.cmake",
		"/home/henrique/Dropbox/APC_Paris/Root/QtCreator/build-move_files-Desktop_Qt_6_2_4_GCC_64bit-Release/CMakeFiles/3.21.1/CMakeCXXCompiler.cmake",
		"/home/henrique/Qt/Tools/CMake/share/cmake-3.21/Modules/CMakeSystemSpecificInformation.cmake",
		"/home/henrique/Qt/Tools/CMake/share/cmake-3.21/Modules/CMakeGenericSystem.cmake",
		"/home/henrique/Qt/Tools/CMake/share/cmake-3.21/Modules/CMakeInitializeConfigs.cmake",
		"/home/henrique/Qt/Tools/CMake/share/cmake-3.21/Modules/Platform/Linux.cmake",
		"/home/henrique/Qt/Tools/CMake/share/cmake-3.21/Modules/Platform/UnixPaths.cmake",
		"/home/henrique/Qt/Tools/CMake/share/cmake-3.21/Modules/CMakeCXXInformation.cmake",
		"/home/henrique/Qt/Tools/CMake/share/cmake-3.21/Modules/CMakeLanguageInformation.cmake",
		"/home/henrique/Qt/Tools/CMake/share/cmake-3.21/Modules/Compiler/GNU-CXX.cmake",
		"/home/henrique/Qt/Tools/CMake/share/cmake-3.21/Modules/Compiler/GNU.cmake",
		"/home/henrique/Qt/Tools/CMake/share/cmake-3.21/Modules/Compiler/CMakeCommonCompilerMacros.cmake",
		"/home/henrique/Qt/Tools/CMake/share/cmake-3.21/Modules/Platform/Linux-GNU-CXX.cmake",
		"/home/henrique/Qt/Tools/CMake/share/cmake-3.21/Modules/Platform/Linux-GNU.cmake",
		"/home/henrique/Qt/Tools/CMake/share/cmake-3.21/Modules/CMakeCommonLanguageInclude.cmake",
		"/home/henrique/Qt/6.2.4/gcc_64/lib/cmake/Qt6/Qt6ConfigVersion.cmake",
		"/home/henrique/Qt/6.2.4/gcc_64/lib/cmake/Qt6/Qt6ConfigVersionImpl.cmake",
		"/home/henrique/Qt/6.2.4/gcc_64/lib/cmake/Qt6/Qt6Config.cmake",
		"/home/henrique/Qt/6.2.4/gcc_64/lib/cmake/Qt6/Qt6ConfigExtras.cmake",
		"/home/henrique/Qt/6.2.4/gcc_64/lib/cmake/Qt6/QtPublicCMakeVersionHelpers.cmake",
		"/home/henrique/Qt/6.2.4/gcc_64/lib/cmake/Qt6/Qt6Targets.cmake",
		"/home/henrique/Qt/6.2.4/gcc_64/lib/cmake/Qt6/Qt6VersionlessTargets.cmake",
		"/home/henrique/Qt/6.2.4/gcc_64/lib/cmake/Qt6/QtFeature.cmake",
		"/home/henrique/Qt/6.2.4/gcc_64/lib/cmake/Qt6/QtFeatureCommon.cmake",
		"/home/henrique/Qt/Tools/CMake/share/cmake-3.21/Modules/CheckCXXCompilerFlag.cmake",
		"/home/henrique/Qt/Tools/CMake/share/cmake-3.21/Modules/CheckCXXSourceCompiles.cmake",
		"/home/henrique/Qt/Tools/CMake/share/cmake-3.21/Modules/Internal/CheckSourceCompiles.cmake",
		"/home/henrique/Qt/Tools/CMake/share/cmake-3.21/Modules/Internal/CheckCompilerFlag.cmake",
		"/home/henrique/Qt/Tools/CMake/share/cmake-3.21/Modules/Internal/CheckSourceCompiles.cmake",
		"/home/henrique/Qt/Tools/CMake/share/cmake-3.21/Modules/CMakeCheckCompilerFlagCommonPatterns.cmake",
		"/home/henrique/Qt/6.2.4/gcc_64/lib/cmake/Qt6/QtPublicFinalizerHelpers.cmake",
		"/home/henrique/Qt/6.2.4/gcc_64/lib/cmake/Qt6/QtPublicPluginHelpers.cmake",
		"/home/henrique/Qt/6.2.4/gcc_64/lib/cmake/Qt6/QtPublicTargetHelpers.cmake",
		"/home/henrique/Qt/6.2.4/gcc_64/lib/cmake/Qt6/QtPublicWalkLibsHelpers.cmake",
		"/home/henrique/Qt/6.2.4/gcc_64/lib/cmake/Qt6/QtPublicFindPackageHelpers.cmake",
		"/home/henrique/Qt/6.2.4/gcc_64/lib/cmake/Qt6/QtPublicDependencyHelpers.cmake",
		"/home/henrique/Qt/6.2.4/gcc_64/lib/cmake/Qt6/QtPublicCMakeHelpers.cmake",
		"/home/henrique/Qt/Tools/CMake/share/cmake-3.21/Modules/CMakeFindDependencyMacro.cmake",
		"/home/henrique/Qt/6.2.4/gcc_64/lib/cmake/Qt6/Qt6Dependencies.cmake",
		"/home/henrique/Qt/Tools/CMake/share/cmake-3.21/Modules/FindThreads.cmake",
		"/home/henrique/Qt/Tools/CMake/share/cmake-3.21/Modules/CheckLibraryExists.cmake",
		"/home/henrique/Qt/Tools/CMake/share/cmake-3.21/Modules/CheckIncludeFileCXX.cmake",
		"/home/henrique/Qt/Tools/CMake/share/cmake-3.21/Modules/CheckCXXSourceCompiles.cmake",
		"/home/henrique/Qt/Tools/CMake/share/cmake-3.21/Modules/FindPackageHandleStandardArgs.cmake",
		"/home/henrique/Qt/Tools/CMake/share/cmake-3.21/Modules/FindPackageMessage.cmake",
		"/home/henrique/Qt/6.2.4/gcc_64/lib/cmake/Qt6/Qt6ConfigVersion.cmake",
		"/home/henrique/Qt/6.2.4/gcc_64/lib/cmake/Qt6/Qt6ConfigVersionImpl.cmake",
		"/home/henrique/Qt/6.2.4/gcc_64/lib/cmake/Qt6/Qt6Config.cmake",
		"/home/henrique/Qt/6.2.4/gcc_64/lib/cmake/Qt6/Qt6ConfigExtras.cmake",
		"/home/henrique/Qt/6.2.4/gcc_64/lib/cmake/Qt6/QtPublicCMakeVersionHelpers.cmake",
		"/home/henrique/Qt/6.2.4/gcc_64/lib/cmake/Qt6/Qt6Targets.cmake",
		"/home/henrique/Qt/6.2.4/gcc_64/lib/cmake/Qt6/Qt6VersionlessTargets.cmake",
		"/home/henrique/Qt/6.2.4/gcc_64/lib/cmake/Qt6/QtFeature.cmake",
		"/home/henrique/Qt/6.2.4/gcc_64/lib/cmake/Qt6/QtFeatureCommon.cmake",
		"/home/henrique/Qt/Tools/CMake/share/cmake-3.21/Modules/CheckCXXCompilerFlag.cmake",
		"/home/henrique/Qt/6.2.4/gcc_64/lib/cmake/Qt6/QtPublicFinalizerHelpers.cmake",
		"/home/henrique/Qt/6.2.4/gcc_64/lib/cmake/Qt6/QtPublicPluginHelpers.cmake",
		"/home/henrique/Qt/6.2.4/gcc_64/lib/cmake/Qt6/QtPublicTargetHelpers.cmake",
		"/home/henrique/Qt/6.2.4/gcc_64/lib/cmake/Qt6/QtPublicWalkLibsHelpers.cmake",
		"/home/henrique/Qt/6.2.4/gcc_64/lib/cmake/Qt6/QtPublicFindPackageHelpers.cmake",
		"/home/henrique/Qt/6.2.4/gcc_64/lib/cmake/Qt6/QtPublicDependencyHelpers.cmake",
		"/home/henrique/Qt/6.2.4/gcc_64/lib/cmake/Qt6/QtPublicCMakeHelpers.cmake",
		"/home/henrique/Qt/Tools/CMake/share/cmake-3.21/Modules/CMakeFindDependencyMacro.cmake",
		"/home/henrique/Qt/6.2.4/gcc_64/lib/cmake/Qt6/Qt6Dependencies.cmake",
		"/home/henrique/Qt/Tools/CMake/share/cmake-3.21/Modules/FindThreads.cmake",
		"/home/henrique/Qt/Tools/CMake/share/cmake-3.21/Modules/CheckLibraryExists.cmake",
		"/home/henrique/Qt/Tools/CMake/share/cmake-3.21/Modules/CheckIncludeFileCXX.cmake",
		"/home/henrique/Qt/Tools/CMake/share/cmake-3.21/Modules/CheckCXXSourceCompiles.cmake",
		"/home/henrique/Qt/Tools/CMake/share/cmake-3.21/Modules/FindPackageHandleStandardArgs.cmake",
		"/home/henrique/Qt/Tools/CMake/share/cmake-3.21/Modules/FindPackageMessage.cmake",
		"/home/henrique/Qt/6.2.4/gcc_64/lib/cmake/Qt6Widgets/Qt6WidgetsConfigVersion.cmake",
		"/home/henrique/Qt/6.2.4/gcc_64/lib/cmake/Qt6Widgets/Qt6WidgetsConfigVersionImpl.cmake",
		"/home/henrique/Qt/6.2.4/gcc_64/lib/cmake/Qt6Widgets/Qt6WidgetsConfig.cmake",
		"/home/henrique/Qt/Tools/CMake/share/cmake-3.21/Modules/CMakeFindDependencyMacro.cmake",
		"/home/henrique/Qt/6.2.4/gcc_64/lib/cmake/Qt6Widgets/Qt6WidgetsDependencies.cmake",
		"/home/henrique/Qt/6.2.4/gcc_64/lib/cmake/Qt6/Qt6ConfigVersion.cmake",
		"/home/henrique/Qt/6.2.4/gcc_64/lib/cmake/Qt6/Qt6ConfigVersionImpl.cmake",
		"/home/henrique/Qt/6.2.4/gcc_64/lib/cmake/Qt6/Qt6Config.cmake",
		"/home/henrique/Qt/6.2.4/gcc_64/lib/cmake/Qt6/Qt6ConfigExtras.cmake",
		"/home/henrique/Qt/6.2.4/gcc_64/lib/cmake/Qt6/QtPublicCMakeVersionHelpers.cmake",
		"/home/henrique/Qt/6.2.4/gcc_64/lib/cmake/Qt6/Qt6Targets.cmake",
		"/home/henrique/Qt/6.2.4/gcc_64/lib/cmake/Qt6/Qt6VersionlessTargets.cmake",
		"/home/henrique/Qt/6.2.4/gcc_64/lib/cmake/Qt6/QtFeature.cmake",
		"/home/henrique/Qt/6.2.4/gcc_64/lib/cmake/Qt6/QtFeatureCommon.cmake",
		"/home/henrique/Qt/Tools/CMake/share/cmake-3.21/Modules/CheckCXXCompilerFlag.cmake",
		"/home/henrique/Qt/6.2.4/gcc_64/lib/cmake/Qt6/QtPublicFinalizerHelpers.cmake",
		"/home/henrique/Qt/6.2.4/gcc_64/lib/cmake/Qt6/QtPublicPluginHelpers.cmake",
		"/home/henrique/Qt/6.2.4/gcc_64/lib/cmake/Qt6/QtPublicTargetHelpers.cmake",
		"/home/henrique/Qt/6.2.4/gcc_64/lib/cmake/Qt6/QtPublicWalkLibsHelpers.cmake",
		"/home/henrique/Qt/6.2.4/gcc_64/lib/cmake/Qt6/QtPublicFindPackageHelpers.cmake",
		"/home/henrique/Qt/6.2.4/gcc_64/lib/cmake/Qt6/QtPublicDependencyHelpers.cmake",
		"/home/henrique/Qt/6.2.4/gcc_64/lib/cmake/Qt6/QtPublicCMakeHelpers.cmake",
		"/home/henrique/Qt/Tools/CMake/share/cmake-3.21/Modules/CMakeFindDependencyMacro.cmake",
		"/home/henrique/Qt/6.2.4/gcc_64/lib/cmake/Qt6/Qt6Dependencies.cmake",
		"/home/henrique/Qt/Tools/CMake/share/cmake-3.21/Modules/FindThreads.cmake",
		"/home/henrique/Qt/Tools/CMake/share/cmake-3.21/Modules/CheckLibraryExists.cmake",
		"/home/henrique/Qt/Tools/CMake/share/cmake-3.21/Modules/CheckIncludeFileCXX.cmake",
		"/home/henrique/Qt/Tools/CMake/share/cmake-3.21/Modules/CheckCXXSourceCompiles.cmake",
		"/home/henrique/Qt/Tools/CMake/share/cmake-3.21/Modules/FindPackageHandleStandardArgs.cmake",
		"/home/henrique/Qt/Tools/CMake/share/cmake-3.21/Modules/FindPackageMessage.cmake",
		"/home/henrique/Qt/6.2.4/gcc_64/lib/cmake/Qt6WidgetsTools/Qt6WidgetsToolsConfigVersion.cmake",
		"/home/henrique/Qt/6.2.4/gcc_64/lib/cmake/Qt6WidgetsTools/Qt6WidgetsToolsConfigVersionImpl.cmake",
		"/home/henrique/Qt/6.2.4/gcc_64/lib/cmake/Qt6WidgetsTools/Qt6WidgetsToolsConfig.cmake",
		"/home/henrique/Qt/Tools/CMake/share/cmake-3.21/Modules/CMakeFindDependencyMacro.cmake",
		"/home/henrique/Qt/6.2.4/gcc_64/lib/cmake/Qt6WidgetsTools/Qt6WidgetsToolsDependencies.cmake",
		"/home/henrique/Qt/6.2.4/gcc_64/lib/cmake/Qt6CoreTools/Qt6CoreToolsConfigVersion.cmake",
		"/home/henrique/Qt/6.2.4/gcc_64/lib/cmake/Qt6CoreTools/Qt6CoreToolsConfigVersionImpl.cmake",
		"/home/henrique/Qt/6.2.4/gcc_64/lib/cmake/Qt6CoreTools/Qt6CoreToolsConfig.cmake",
		"/home/henrique/Qt/Tools/CMake/share/cmake-3.21/Modules/CMakeFindDependencyMacro.cmake",
		"/home/henrique/Qt/6.2.4/gcc_64/lib/cmake/Qt6CoreTools/Qt6CoreToolsDependencies.cmake",
		"/home/henrique/Qt/6.2.4/gcc_64/lib/cmake/Qt6CoreTools/Qt6CoreToolsTargets.cmake",
		"/home/henrique/Qt/6.2.4/gcc_64/lib/cmake/Qt6CoreTools/Qt6CoreToolsTargets-relwithdebinfo.cmake",
		"/home/henrique/Qt/6.2.4/gcc_64/lib/cmake/Qt6CoreTools/Qt6CoreToolsAdditionalTargetInfo.cmake",
		"/home/henrique/Qt/6.2.4/gcc_64/lib/cmake/Qt6CoreTools/Qt6CoreToolsVersionlessTargets.cmake",
		"/home/henrique/Qt/6.2.4/gcc_64/lib/cmake/Qt6GuiTools/Qt6GuiToolsConfigVersion.cmake",
		"/home/henrique/Qt/6.2.4/gcc_64/lib/cmake/Qt6GuiTools/Qt6GuiToolsConfigVersionImpl.cmake",
		"/home/henrique/Qt/6.2.4/gcc_64/lib/cmake/Qt6GuiTools/Qt6GuiToolsConfig.cmake",
		"/home/henrique/Qt/Tools/CMake/share/cmake-3.21/Modules/CMakeFindDependencyMacro.cmake",
		"/home/henrique/Qt/6.2.4/gcc_64/lib/cmake/Qt6GuiTools/Qt6GuiToolsDependencies.cmake",
		"/home/henrique/Qt/6.2.4/gcc_64/lib/cmake/Qt6GuiTools/Qt6GuiToolsTargets.cmake",
		"/home/henrique/Qt/6.2.4/gcc_64/lib/cmake/Qt6GuiTools/Qt6GuiToolsTargets-relwithdebinfo.cmake",
		"/home/henrique/Qt/6.2.4/gcc_64/lib/cmake/Qt6GuiTools/Qt6GuiToolsAdditionalTargetInfo.cmake",
		"/home/henrique/Qt/6.2.4/gcc_64/lib/cmake/Qt6GuiTools/Qt6GuiToolsVersionlessTargets.cmake",
		"/home/henrique/Qt/6.2.4/gcc_64/lib/cmake/Qt6WidgetsTools/Qt6WidgetsToolsTargets.cmake",
		"/home/henrique/Qt/6.2.4/gcc_64/lib/cmake/Qt6WidgetsTools/Qt6WidgetsToolsTargets-relwithdebinfo.cmake",
		"/home/henrique/Qt/6.2.4/gcc_64/lib/cmake/Qt6WidgetsTools/Qt6WidgetsToolsAdditionalTargetInfo.cmake",
		"/home/henrique/Qt/6.2.4/gcc_64/lib/cmake/Qt6WidgetsTools/Qt6WidgetsToolsVersionlessTargets.cmake",
		"/home/henrique/Qt/6.2.4/gcc_64/lib/cmake/Qt6Core/Qt6CoreConfigVersion.cmake",
		"/home/henrique/Qt/6.2.4/gcc_64/lib/cmake/Qt6Core/Qt6CoreConfigVersionImpl.cmake",
		"/home/henrique/Qt/6.2.4/gcc_64/lib/cmake/Qt6Core/Qt6CoreConfig.cmake",
		"/home/henrique/Qt/Tools/CMake/share/cmake-3.21/Modules/CMakeFindDependencyMacro.cmake",
		"/home/henrique/Qt/6.2.4/gcc_64/lib/cmake/Qt6Core/Qt6CoreDependencies.cmake",
		"/home/henrique/Qt/6.2.4/gcc_64/lib/cmake/Qt6/Qt6ConfigVersion.cmake",
		"/home/henrique/Qt/6.2.4/gcc_64/lib/cmake/Qt6/Qt6ConfigVersionImpl.cmake",
		"/home/henrique/Qt/6.2.4/gcc_64/lib/cmake/Qt6/Qt6Config.cmake",
		"/home/henrique/Qt/6.2.4/gcc_64/lib/cmake/Qt6/Qt6ConfigExtras.cmake",
		"/home/henrique/Qt/6.2.4/gcc_64/lib/cmake/Qt6/QtPublicCMakeVersionHelpers.cmake",
		"/home/henrique/Qt/6.2.4/gcc_64/lib/cmake/Qt6/Qt6Targets.cmake",
		"/home/henrique/Qt/6.2.4/gcc_64/lib/cmake/Qt6/Qt6VersionlessTargets.cmake",
		"/home/henrique/Qt/6.2.4/gcc_64/lib/cmake/Qt6/QtFeature.cmake",
		"/home/henrique/Qt/6.2.4/gcc_64/lib/cmake/Qt6/QtFeatureCommon.cmake",
		"/home/henrique/Qt/Tools/CMake/share/cmake-3.21/Modules/CheckCXXCompilerFlag.cmake",
		"/home/henrique/Qt/6.2.4/gcc_64/lib/cmake/Qt6/QtPublicFinalizerHelpers.cmake",
		"/home/henrique/Qt/6.2.4/gcc_64/lib/cmake/Qt6/QtPublicPluginHelpers.cmake",
		"/home/henrique/Qt/6.2.4/gcc_64/lib/cmake/Qt6/QtPublicTargetHelpers.cmake",
		"/home/henrique/Qt/6.2.4/gcc_64/lib/cmake/Qt6/QtPublicWalkLibsHelpers.cmake",
		"/home/henrique/Qt/6.2.4/gcc_64/lib/cmake/Qt6/QtPublicFindPackageHelpers.cmake",
		"/home/henrique/Qt/6.2.4/gcc_64/lib/cmake/Qt6/QtPublicDependencyHelpers.cmake",
		"/home/henrique/Qt/6.2.4/gcc_64/lib/cmake/Qt6/QtPublicCMakeHelpers.cmake",
		"/home/henrique/Qt/Tools/CMake/share/cmake-3.21/Modules/CMakeFindDependencyMacro.cmake",
		"/home/henrique/Qt/6.2.4/gcc_64/lib/cmake/Qt6/Qt6Dependencies.cmake",
		"/home/henrique/Qt/Tools/CMake/share/cmake-3.21/Modules/FindThreads.cmake",
		"/home/henrique/Qt/Tools/CMake/share/cmake-3.21/Modules/CheckLibraryExists.cmake",
		"/home/henrique/Qt/Tools/CMake/share/cmake-3.21/Modules/CheckIncludeFileCXX.cmake",
		"/home/henrique/Qt/Tools/CMake/share/cmake-3.21/Modules/CheckCXXSourceCompiles.cmake",
		"/home/henrique/Qt/Tools/CMake/share/cmake-3.21/Modules/FindPackageHandleStandardArgs.cmake",
		"/home/henrique/Qt/Tools/CMake/share/cmake-3.21/Modules/FindPackageMessage.cmake",
		"/home/henrique/Qt/6.2.4/gcc_64/lib/cmake/Qt6/FindWrapAtomic.cmake",
		"/home/henrique/Qt/Tools/CMake/share/cmake-3.21/Modules/CheckCXXSourceCompiles.cmake",
		"/home/henrique/Qt/Tools/CMake/share/cmake-3.21/Modules/FindPackageHandleStandardArgs.cmake",
		"/home/henrique/Qt/Tools/CMake/share/cmake-3.21/Modules/FindPackageMessage.cmake",
		"/home/henrique/Qt/6.2.4/gcc_64/lib/cmake/Qt6CoreTools/Qt6CoreToolsConfigVersion.cmake",
		"/home/henrique/Qt/6.2.4/gcc_64/lib/cmake/Qt6CoreTools/Qt6CoreToolsConfigVersionImpl.cmake",
		"/home/henrique/Qt/6.2.4/gcc_64/lib/cmake/Qt6CoreTools/Qt6CoreToolsConfig.cmake",
		"/home/henrique/Qt/Tools/CMake/share/cmake-3.21/Modules/CMakeFindDependencyMacro.cmake",
		"/home/henrique/Qt/6.2.4/gcc_64/lib/cmake/Qt6CoreTools/Qt6CoreToolsDependencies.cmake",
		"/home/henrique/Qt/6.2.4/gcc_64/lib/cmake/Qt6CoreTools/Qt6CoreToolsTargets.cmake",
		"/home/henrique/Qt/6.2.4/gcc_64/lib/cmake/Qt6CoreTools/Qt6CoreToolsAdditionalTargetInfo.cmake",
		"/home/henrique/Qt/6.2.4/gcc_64/lib/cmake/Qt6CoreTools/Qt6CoreToolsVersionlessTargets.cmake",
		"/home/henrique/Qt/6.2.4/gcc_64/lib/cmake/Qt6Core/Qt6CoreTargets.cmake",
		"/home/henrique/Qt/6.2.4/gcc_64/lib/cmake/Qt6Core/Qt6CoreTargets-relwithdebinfo.cmake",
		"/home/henrique/Qt/6.2.4/gcc_64/lib/cmake/Qt6Core/Qt6CoreAdditionalTargetInfo.cmake",
		"/home/henrique/Qt/6.2.4/gcc_64/lib/cmake/Qt6Core/Qt6CoreVersionlessTargets.cmake",
		"/home/henrique/Qt/6.2.4/gcc_64/lib/cmake/Qt6Core/Qt6CoreMacros.cmake",
		"/home/henrique/Qt/Tools/CMake/share/cmake-3.21/Modules/CMakeParseArguments.cmake",
		"/home/henrique/Qt/6.2.4/gcc_64/lib/cmake/Qt6Core/Qt6CoreConfigExtras.cmake",
		"/home/henrique/Qt/6.2.4/gcc_64/lib/cmake/Qt6Gui/Qt6GuiConfigVersion.cmake",
		"/home/henrique/Qt/6.2.4/gcc_64/lib/cmake/Qt6Gui/Qt6GuiConfigVersionImpl.cmake",
		"/home/henrique/Qt/6.2.4/gcc_64/lib/cmake/Qt6Gui/Qt6GuiConfig.cmake",
		"/home/henrique/Qt/Tools/CMake/share/cmake-3.21/Modules/CMakeFindDependencyMacro.cmake",
		"/home/henrique/Qt/6.2.4/gcc_64/lib/cmake/Qt6Gui/Qt6GuiDependencies.cmake",
		"/home/henrique/Qt/6.2.4/gcc_64/lib/cmake/Qt6/Qt6ConfigVersion.cmake",
		"/home/henrique/Qt/6.2.4/gcc_64/lib/cmake/Qt6/Qt6ConfigVersionImpl.cmake",
		"/home/henrique/Qt/6.2.4/gcc_64/lib/cmake/Qt6/Qt6Config.cmake",
		"/home/henrique/Qt/6.2.4/gcc_64/lib/cmake/Qt6/Qt6ConfigExtras.cmake",
		"/home/henrique/Qt/6.2.4/gcc_64/lib/cmake/Qt6/QtPublicCMakeVersionHelpers.cmake",
		"/home/henrique/Qt/6.2.4/gcc_64/lib/cmake/Qt6/Qt6Targets.cmake",
		"/home/henrique/Qt/6.2.4/gcc_64/lib/cmake/Qt6/Qt6VersionlessTargets.cmake",
		"/home/henrique/Qt/6.2.4/gcc_64/lib/cmake/Qt6/QtFeature.cmake",
		"/home/henrique/Qt/6.2.4/gcc_64/lib/cmake/Qt6/QtFeatureCommon.cmake",
		"/home/henrique/Qt/Tools/CMake/share/cmake-3.21/Modules/CheckCXXCompilerFlag.cmake",
		"/home/henrique/Qt/6.2.4/gcc_64/lib/cmake/Qt6/QtPublicFinalizerHelpers.cmake",
		"/home/henrique/Qt/6.2.4/gcc_64/lib/cmake/Qt6/QtPublicPluginHelpers.cmake",
		"/home/henrique/Qt/6.2.4/gcc_64/lib/cmake/Qt6/QtPublicTargetHelpers.cmake",
		"/home/henrique/Qt/6.2.4/gcc_64/lib/cmake/Qt6/QtPublicWalkLibsHelpers.cmake",
		"/home/henrique/Qt/6.2.4/gcc_64/lib/cmake/Qt6/QtPublicFindPackageHelpers.cmake",
		"/home/henrique/Qt/6.2.4/gcc_64/lib/cmake/Qt6/QtPublicDependencyHelpers.cmake",
		"/home/henrique/Qt/6.2.4/gcc_64/lib/cmake/Qt6/QtPublicCMakeHelpers.cmake",
		"/home/henrique/Qt/Tools/CMake/share/cmake-3.21/Modules/CMakeFindDependencyMacro.cmake",
		"/home/henrique/Qt/6.2.4/gcc_64/lib/cmake/Qt6/Qt6Dependencies.cmake",
		"/home/henrique/Qt/Tools/CMake/share/cmake-3.21/Modules/FindThreads.cmake",
		"/home/henrique/Qt/Tools/CMake/share/cmake-3.21/Modules/CheckLibraryExists.cmake",
		"/home/henrique/Qt/Tools/CMake/share/cmake-3.21/Modules/CheckIncludeFileCXX.cmake",
		"/home/henrique/Qt/Tools/CMake/share/cmake-3.21/Modules/CheckCXXSourceCompiles.cmake",
		"/home/henrique/Qt/Tools/CMake/share/cmake-3.21/Modules/FindPackageHandleStandardArgs.cmake",
		"/home/henrique/Qt/Tools/CMake/share/cmake-3.21/Modules/FindPackageMessage.cmake",
		"/home/henrique/Qt/6.2.4/gcc_64/lib/cmake/Qt6/FindWrapOpenGL.cmake",
		"/home/henrique/Qt/Tools/CMake/share/cmake-3.21/Modules/FindOpenGL.cmake",
		"/home/henrique/Qt/Tools/CMake/share/cmake-3.21/Modules/FindPackageHandleStandardArgs.cmake",
		"/home/henrique/Qt/Tools/CMake/share/cmake-3.21/Modules/FindPackageMessage.cmake",
		"/home/henrique/Qt/Tools/CMake/share/cmake-3.21/Modules/FindPackageHandleStandardArgs.cmake",
		"/home/henrique/Qt/Tools/CMake/share/cmake-3.21/Modules/FindPackageMessage.cmake",
		"/home/henrique/Qt/6.2.4/gcc_64/lib/cmake/Qt6/3rdparty/kwin/FindXKB.cmake",
		"/home/henrique/Qt/Tools/CMake/share/cmake-3.21/Modules/FindPkgConfig.cmake",
		"/home/henrique/Qt/Tools/CMake/share/cmake-3.21/Modules/FindPackageHandleStandardArgs.cmake",
		"/home/henrique/Qt/Tools/CMake/share/cmake-3.21/Modules/FindPackageMessage.cmake",
		"/home/henrique/Qt/Tools/CMake/share/cmake-3.21/Modules/FindPackageHandleStandardArgs.cmake",
		"/home/henrique/Qt/Tools/CMake/share/cmake-3.21/Modules/FindPackageMessage.cmake",
		"/home/henrique/Qt/Tools/CMake/share/cmake-3.21/Modules/FeatureSummary.cmake",
		"/home/henrique/Qt/6.2.4/gcc_64/lib/cmake/Qt6/FindWrapVulkanHeaders.cmake",
		"/home/henrique/Qt/Tools/CMake/share/cmake-3.21/Modules/FindVulkan.cmake",
		"/home/henrique/Qt/Tools/CMake/share/cmake-3.21/Modules/FindPackageHandleStandardArgs.cmake",
		"/home/henrique/Qt/Tools/CMake/share/cmake-3.21/Modules/FindPackageMessage.cmake",
		"/home/henrique/Qt/Tools/CMake/share/cmake-3.21/Modules/FindPackageHandleStandardArgs.cmake",
		"/home/henrique/Qt/Tools/CMake/share/cmake-3.21/Modules/FindPackageMessage.cmake",
		"/home/henrique/Qt/6.2.4/gcc_64/lib/cmake/Qt6GuiTools/Qt6GuiToolsConfigVersion.cmake",
		"/home/henrique/Qt/6.2.4/gcc_64/lib/cmake/Qt6GuiTools/Qt6GuiToolsConfigVersionImpl.cmake",
		"/home/henrique/Qt/6.2.4/gcc_64/lib/cmake/Qt6GuiTools/Qt6GuiToolsConfig.cmake",
		"/home/henrique/Qt/Tools/CMake/share/cmake-3.21/Modules/CMakeFindDependencyMacro.cmake",
		"/home/henrique/Qt/6.2.4/gcc_64/lib/cmake/Qt6GuiTools/Qt6GuiToolsDependencies.cmake",
		"/home/henrique/Qt/6.2.4/gcc_64/lib/cmake/Qt6GuiTools/Qt6GuiToolsTargets.cmake",
		"/home/henrique/Qt/6.2.4/gcc_64/lib/cmake/Qt6GuiTools/Qt6GuiToolsAdditionalTargetInfo.cmake",
		"/home/henrique/Qt/6.2.4/gcc_64/lib/cmake/Qt6GuiTools/Qt6GuiToolsVersionlessTargets.cmake",
		"/home/henrique/Qt/6.2.4/gcc_64/lib/cmake/Qt6DBus/Qt6DBusConfigVersion.cmake",
		"/home/henrique/Qt/6.2.4/gcc_64/lib/cmake/Qt6DBus/Qt6DBusConfigVersionImpl.cmake",
		"/home/henrique/Qt/6.2.4/gcc_64/lib/cmake/Qt6DBus/Qt6DBusConfig.cmake",
		"/home/henrique/Qt/Tools/CMake/share/cmake-3.21/Modules/CMakeFindDependencyMacro.cmake",
		"/home/henrique/Qt/6.2.4/gcc_64/lib/cmake/Qt6DBus/Qt6DBusDependencies.cmake",
		"/home/henrique/Qt/6.2.4/gcc_64/lib/cmake/Qt6/Qt6ConfigVersion.cmake",
		"/home/henrique/Qt/6.2.4/gcc_64/lib/cmake/Qt6/Qt6ConfigVersionImpl.cmake",
		"/home/henrique/Qt/6.2.4/gcc_64/lib/cmake/Qt6/Qt6Config.cmake",
		"/home/henrique/Qt/6.2.4/gcc_64/lib/cmake/Qt6/Qt6ConfigExtras.cmake",
		"/home/henrique/Qt/6.2.4/gcc_64/lib/cmake/Qt6/QtPublicCMakeVersionHelpers.cmake",
		"/home/henrique/Qt/6.2.4/gcc_64/lib/cmake/Qt6/Qt6Targets.cmake",
		"/home/henrique/Qt/6.2.4/gcc_64/lib/cmake/Qt6/Qt6VersionlessTargets.cmake",
		"/home/henrique/Qt/6.2.4/gcc_64/lib/cmake/Qt6/QtFeature.cmake",
		"/home/henrique/Qt/6.2.4/gcc_64/lib/cmake/Qt6/QtFeatureCommon.cmake",
		"/home/henrique/Qt/Tools/CMake/share/cmake-3.21/Modules/CheckCXXCompilerFlag.cmake",
		"/home/henrique/Qt/6.2.4/gcc_64/lib/cmake/Qt6/QtPublicFinalizerHelpers.cmake",
		"/home/henrique/Qt/6.2.4/gcc_64/lib/cmake/Qt6/QtPublicPluginHelpers.cmake",
		"/home/henrique/Qt/6.2.4/gcc_64/lib/cmake/Qt6/QtPublicTargetHelpers.cmake",
		"/home/henrique/Qt/6.2.4/gcc_64/lib/cmake/Qt6/QtPublicWalkLibsHelpers.cmake",
		"/home/henrique/Qt/6.2.4/gcc_64/lib/cmake/Qt6/QtPublicFindPackageHelpers.cmake",
		"/home/henrique/Qt/6.2.4/gcc_64/lib/cmake/Qt6/QtPublicDependencyHelpers.cmake",
		"/home/henrique/Qt/6.2.4/gcc_64/lib/cmake/Qt6/QtPublicCMakeHelpers.cmake",
		"/home/henrique/Qt/Tools/CMake/share/cmake-3.21/Modules/CMakeFindDependencyMacro.cmake",
		"/home/henrique/Qt/6.2.4/gcc_64/lib/cmake/Qt6/Qt6Dependencies.cmake",
		"/home/henrique/Qt/Tools/CMake/share/cmake-3.21/Modules/FindThreads.cmake",
		"/home/henrique/Qt/Tools/CMake/share/cmake-3.21/Modules/CheckLibraryExists.cmake",
		"/home/henrique/Qt/Tools/CMake/share/cmake-3.21/Modules/CheckIncludeFileCXX.cmake",
		"/home/henrique/Qt/Tools/CMake/share/cmake-3.21/Modules/CheckCXXSourceCompiles.cmake",
		"/home/henrique/Qt/Tools/CMake/share/cmake-3.21/Modules/FindPackageHandleStandardArgs.cmake",
		"/home/henrique/Qt/Tools/CMake/share/cmake-3.21/Modules/FindPackageMessage.cmake",
		"/home/henrique/Qt/6.2.4/gcc_64/lib/cmake/Qt6DBusTools/Qt6DBusToolsConfigVersion.cmake",
		"/home/henrique/Qt/6.2.4/gcc_64/lib/cmake/Qt6DBusTools/Qt6DBusToolsConfigVersionImpl.cmake",
		"/home/henrique/Qt/6.2.4/gcc_64/lib/cmake/Qt6DBusTools/Qt6DBusToolsConfig.cmake",
		"/home/henrique/Qt/Tools/CMake/share/cmake-3.21/Modules/CMakeFindDependencyMacro.cmake",
		"/home/henrique/Qt/6.2.4/gcc_64/lib/cmake/Qt6DBusTools/Qt6DBusToolsDependencies.cmake",
		"/home/henrique/Qt/6.2.4/gcc_64/lib/cmake/Qt6DBusTools/Qt6DBusToolsTargets.cmake",
		"/home/henrique/Qt/6.2.4/gcc_64/lib/cmake/Qt6DBusTools/Qt6DBusToolsTargets-relwithdebinfo.cmake",
		"/home/henrique/Qt/6.2.4/gcc_64/lib/cmake/Qt6DBusTools/Qt6DBusToolsAdditionalTargetInfo.cmake",
		"/home/henrique/Qt/6.2.4/gcc_64/lib/cmake/Qt6DBusTools/Qt6DBusToolsVersionlessTargets.cmake",
		"/home/henrique/Qt/6.2.4/gcc_64/lib/cmake/Qt6DBus/Qt6DBusTargets.cmake",
		"/home/henrique/Qt/6.2.4/gcc_64/lib/cmake/Qt6DBus/Qt6DBusTargets-relwithdebinfo.cmake",
		"/home/henrique/Qt/6.2.4/gcc_64/lib/cmake/Qt6DBus/Qt6DBusAdditionalTargetInfo.cmake",
		"/home/henrique/Qt/6.2.4/gcc_64/lib/cmake/Qt6DBus/Qt6DBusVersionlessTargets.cmake",
		"/home/henrique/Qt/6.2.4/gcc_64/lib/cmake/Qt6DBus/Qt6DBusMacros.cmake",
		"/home/henrique/Qt/Tools/CMake/share/cmake-3.21/Modules/MacroAddFileDependencies.cmake",
		"/home/henrique/Qt/Tools/CMake/share/cmake-3.21/Modules/CMakeParseArguments.cmake",
		"/home/henrique/Qt/6.2.4/gcc_64/lib/cmake/Qt6Gui/Qt6GuiTargets.cmake",
		"/home/henrique/Qt/6.2.4/gcc_64/lib/cmake/Qt6Gui/Qt6GuiTargets-relwithdebinfo.cmake",
		"/home/henrique/Qt/6.2.4/gcc_64/lib/cmake/Qt6Gui/Qt6GuiAdditionalTargetInfo.cmake",
		"/home/henrique/Qt/6.2.4/gcc_64/lib/cmake/Qt6Gui/Qt6GuiVersionlessTargets.cmake",
		"/home/henrique/Qt/6.2.4/gcc_64/lib/cmake/Qt6Widgets/Qt6WidgetsTargets.cmake",
		"/home/henrique/Qt/6.2.4/gcc_64/lib/cmake/Qt6Widgets/Qt6WidgetsTargets-relwithdebinfo.cmake",
		"/home/henrique/Qt/6.2.4/gcc_64/lib/cmake/Qt6Widgets/Qt6WidgetsAdditionalTargetInfo.cmake",
		"/home/henrique/Qt/6.2.4/gcc_64/lib/cmake/Qt6Widgets/Qt6WidgetsVersionlessTargets.cmake",
		"/home/henrique/Qt/6.2.4/gcc_64/lib/cmake/Qt6Widgets/Qt6WidgetsMacros.cmake",
		"/home/henrique/Qt/Tools/CMake/share/cmake-3.21/Modules/CMakeParseArguments.cmake"
	],
	"CMAKE_SOURCE_DIR" : "/home/henrique/Dropbox/APC_Paris/Root/QtCreator/move_files",
	"DEP_FILE" : "/home/henrique/Dropbox/APC_Paris/Root/QtCreator/build-move_files-Desktop_Qt_6_2_4_GCC_64bit-Release/move_files_autogen/deps",
	"DEP_FILE_RULE_NAME" : "move_files_autogen/timestamp",
	"HEADERS" : 
	[
		[
			"/home/henrique/Dropbox/APC_Paris/Root/QtCreator/move_files/mainwindow.h",
			"MU",
			"EWIEGA46WW/moc_mainwindow.cpp",
			null
		]
	],
	"HEADER_EXTENSIONS" : [ "h", "hh", "h++", "hm", "hpp", "hxx", "in", "txx" ],
	"INCLUDE_DIR" : "/home/henrique/Dropbox/APC_Paris/Root/QtCreator/build-move_files-Desktop_Qt_6_2_4_GCC_64bit-Release/move_files_autogen/include",
	"MOC_COMPILATION_FILE" : "/home/henrique/Dropbox/APC_Paris/Root/QtCreator/build-move_files-Desktop_Qt_6_2_4_GCC_64bit-Release/move_files_autogen/mocs_compilation.cpp",
	"MOC_DEFINITIONS" : [ "QT_CORE_LIB", "QT_GUI_LIB", "QT_NO_DEBUG", "QT_WIDGETS_LIB" ],
	"MOC_DEPEND_FILTERS" : 
	[
		[
			"Q_PLUGIN_METADATA",
			"[\n][ \t]*Q_PLUGIN_METADATA[ \t]*\\([^\\)]*FILE[ \t]*\"([^\"]+)\""
		]
	],
	"MOC_INCLUDES" : 
	[
		"/home/henrique/Dropbox/APC_Paris/Root/QtCreator/build-move_files-Desktop_Qt_6_2_4_GCC_64bit-Release",
		"/home/henrique/Dropbox/APC_Paris/Root/QtCreator/move_files",
		"/home/henrique/Qt/6.2.4/gcc_64/include/QtCore",
		"/home/henrique/Qt/6.2.4/gcc_64/include",
		"/home/henrique/Qt/6.2.4/gcc_64/mkspecs/linux-g++",
		"/home/henrique/Qt/6.2.4/gcc_64/include/QtWidgets",
		"/home/henrique/Qt/6.2.4/gcc_64/include/QtGui",
		"/usr/include",
		"/usr/include/c++/11",
		"/usr/include/x86_64-linux-gnu/c++/11",
		"/usr/include/c++/11/backward",
		"/usr/lib/gcc/x86_64-linux-gnu/11/include",
		"/usr/local/include",
		"/usr/include/x86_64-linux-gnu"
	],
	"MOC_MACRO_NAMES" : [ "Q_OBJECT", "Q_GADGET", "Q_NAMESPACE", "Q_NAMESPACE_EXPORT" ],
	"MOC_OPTIONS" : [],
	"MOC_PATH_PREFIX" : false,
	"MOC_PREDEFS_CMD" : 
	[
		"/usr/bin/g++",
		"-dM",
		"-E",
		"-c",
		"/home/henrique/Qt/Tools/CMake/share/cmake-3.21/Modules/CMakeCXXCompilerABI.cpp"
	],
	"MOC_PREDEFS_FILE" : "/home/henrique/Dropbox/APC_Paris/Root/QtCreator/build-move_files-Desktop_Qt_6_2_4_GCC_64bit-Release/move_files_autogen/moc_predefs.h",
	"MOC_RELAXED_MODE" : false,
	"MOC_SKIP" : [],
	"MULTI_CONFIG" : false,
	"PARALLEL" : 6,
	"PARSE_CACHE_FILE" : "/home/henrique/Dropbox/APC_Paris/Root/QtCreator/build-move_files-Desktop_Qt_6_2_4_GCC_64bit-Release/CMakeFiles/move_files_autogen.dir/ParseCache.txt",
	"QT_MOC_EXECUTABLE" : "/home/henrique/Qt/6.2.4/gcc_64/./libexec/moc",
	"QT_UIC_EXECUTABLE" : "/home/henrique/Qt/6.2.4/gcc_64/./libexec/uic",
	"QT_VERSION_MAJOR" : 6,
	"QT_VERSION_MINOR" : 2,
	"SETTINGS_FILE" : "/home/henrique/Dropbox/APC_Paris/Root/QtCreator/build-move_files-Desktop_Qt_6_2_4_GCC_64bit-Release/CMakeFiles/move_files_autogen.dir/AutogenUsed.txt",
	"SOURCES" : 
	[
		[
			"/home/henrique/Dropbox/APC_Paris/Root/QtCreator/move_files/main.cpp",
			"MU",
			null
		],
		[
			"/home/henrique/Dropbox/APC_Paris/Root/QtCreator/move_files/mainwindow.cpp",
			"MU",
			null
		]
	],
	"UIC_OPTIONS" : [],
	"UIC_SEARCH_PATHS" : [],
	"UIC_SKIP" : [],
	"UIC_UI_FILES" : [],
	"VERBOSITY" : 0
}
